<?xml version="1.0" encoding="UTF-8"?>
<beans xmlns="http://www.springframework.org/schema/beans"
	xmlns:xsi="http://www.w3.org/2001/XMLSchema-instance"
	xmlns:context="http://www.springframework.org/schema/context"
	xsi:schemaLocation="http://www.springframework.org/schema/beans http://www.springframework.org/schema/beans/spring-beans.xsd
		http://www.springframework.org/schema/context http://www.springframework.org/schema/context/spring-context.xsd">


<context:annotation-config/>
<!--   Datasource 객체를 사용해서 WAS의 Connection Pool에 접근해 Connection 을 반환받는 역할  -->
<bean id="dataSource" class="org.springframework.jndi.JndiObjectFactoryBean">
<property name="jndiName" value="java:comp/env/jdbc/myora"/>
</bean>



<!-- 마이바티스 설정 -->
<bean id="factoryBean" class="org.mybatis.spring.SqlSessionFactoryBean">
<property name="dataSource" ref="dataSource"/>
<property name="configLocation" value="classpath:kr/co/ikosmo/mvc/config/config.xml"/>
<property name="mapperLocations" value="classpath*:kr/co/ikosmo/mvc/mapper/*.xml"/>
</bean>

<bean id="ss" class="org.mybatis.spring.SqlSessionTemplate">
<constructor-arg ref="factoryBean"/>
</bean>
<!-- 마이바티스 설정 end -->


<bean id="viewResolver" class="org.springframework.web.servlet.view.InternalResourceViewResolver">
	<property name="prefix" value="/WEB-INF/views/"/>
	<property name="suffix" value=".jsp"/>
</bean>


</beans>
